swap_margin,who_has_seen_opponent_card,who_has_seen_my_card,cabo_known_ratio_threshold,cabo_avg_value_threshold,win_rate,trial
1.514900785035123,4,3,0.5661631889765631,2.1776598853078184,0.1,0
0.6181473007585245,4,4,0.9813725417609264,3.4265324494003613,0.15,1
1.6964102398802727,1,4,0.9934293904547566,4.001227933037771,0.0,2
0.5065202646279655,3,4,0.9400929127492027,4.82520188252497,0.15,3
0.7977338748134644,2,3,0.8907488167264093,5.079192232543379,0.05,4
0.36416907751385785,1,2,0.5552129696500503,4.117010498468926,0.15,5
1.9599536476113693,3,3,0.5784249585023429,2.99939692034871,0.1,6
1.4800204726197355,2,1,0.5080925648537404,5.241758924601511,0.25,7
0.04451244366423046,2,2,0.9493316820281503,5.112900782895075,0.05,8
1.3054761178881233,2,1,0.9923028955610388,2.20976314152714,0.2,9
2.7212906845480638,3,4,0.8846503014102169,4.8186720588095096,0.1,10
1.9053227473867111,2,4,0.5375718366703623,2.406244223892243,0.0,11
0.9914362231109511,3,1,0.613449352799165,5.7602470927440885,0.5,12
0.25891933985696336,1,3,0.7260526009817785,2.8545665976966523,0.0,13
1.1114192773815237,3,4,0.6172833679411536,5.362821967223718,0.15,14
0.8445431705128404,4,4,0.589001260880933,5.0284305099102085,0.2,15
0.697540781941768,2,1,0.9630584029836888,3.5583430002516168,0.25,16
0.48399129616942904,1,3,0.7183543621410124,2.805737631616629,0.0,17
2.353966488731114,4,2,0.7309399561023944,4.217924413693703,0.2,18
0.15216193030059633,1,1,0.5069518175630139,5.4819640002139,0.25,19
0.007483141246290792,4,1,0.8435680051997954,2.4476485283127487,0.45,20
0.09350741606925372,4,1,0.8702750730771969,3.74622735939047,0.45,21
2.979892961893115,1,2,0.9565294279738729,3.731182886257912,0.05,22
2.410867352265792,3,3,0.7481258581052108,3.2541103886352194,0.15,23
2.345310242426853,1,2,0.6041292681963544,3.3715353319360526,0.05,24
1.1274359472379798,2,4,0.6116572658157629,4.693482911786987,0.15,25
2.692893054057978,2,4,0.8685718075931148,3.7127605478793475,0.05,26
2.0845548466822437,1,3,0.8843796710750671,3.4703100329603176,0.0,27
0.4906360568846859,3,2,0.6578133598084093,5.521940788151136,0.15,28
0.2831597562456555,1,4,0.9675262228224182,2.811649483127262,0.0,29
2.599744925831887,4,2,0.845035416743568,2.872966774847413,0.1,30
2.362351912365973,4,2,0.5101834523629752,2.480859506424465,0.1,31
2.2826041001554707,2,1,0.9705566839395001,5.121736036266607,0.25,32
0.7374619991323001,1,2,0.5064370968362779,2.9080737714826084,0.0,33
0.3901275486452823,3,2,0.8229243531236515,2.902374875693288,0.15,34
1.34282208677147,1,3,0.659878197421952,5.202155734928935,0.1,35
0.11348527517493223,2,4,0.7103371751485222,4.32094569762452,0.15,36
0.6878902511921605,4,3,0.5902925487142822,3.992800248696579,0.25,37
0.3399282647652728,4,1,0.9100511275266672,4.552703640230436,0.5,38
0.896174254147076,2,1,0.6381542992550169,2.1836354026815745,0.2,39
2.0117263142083712,2,3,0.731406270349034,5.293718142698719,0.15,40
2.3502065351499954,1,4,0.7596765610824168,4.987234680430651,0.0,41
0.38670292257106853,2,3,0.5518483099610509,2.2529864097131576,0.0,42
1.1805573955998692,1,3,0.9696104555043911,3.1052289421752812,0.0,43
2.204376131172217,2,3,0.9733866281857628,4.736356818236533,0.05,44
1.3408284985495333,4,2,0.5821718537163691,2.979955360671099,0.1,45
0.13781749347348693,4,4,0.5045158970568124,2.3433701260506083,0.15,46
1.5873882201572105,2,4,0.5908796849115043,3.1210605587963367,0.05,47
0.5368255646511525,4,1,0.5781073864339108,4.6923788580681975,0.5,48
1.5485944568419727,3,2,0.8555596036261797,3.8095157634224392,0.1,49
2.849795717346665,4,1,0.7032517536375174,5.115464014110963,0.5,50
0.9924580264975968,4,4,0.6251209066965189,4.958900752339204,0.2,51
2.265250583892332,4,4,0.633972555441257,3.525812454655841,0.15,52
0.32732525808704016,1,3,0.5370252978228865,5.730812232068974,0.1,53
0.4293410429737753,1,1,0.7051019907312677,5.6700216463927475,0.25,54
1.9424996424716525,4,1,0.7712933525696437,2.558590527133977,0.45,55
1.4566293465928295,1,3,0.6265378227234933,2.6481387764032793,0.0,56
0.8675942876445004,2,3,0.9737355485119534,2.04297014170275,0.0,57
1.460094664616002,4,2,0.5738944213920729,4.80939121748036,0.15,58
2.458219823831593,4,2,0.7328107963942513,4.987258887522892,0.2,59
1.1369847153972032,1,4,0.553599553051364,2.050917586077776,0.0,60
2.423723724561463,1,3,0.8132458987483705,4.392128490459168,0.0,61
0.39730103707703446,2,3,0.5567872218140266,4.4050227419109405,0.15,62
0.511525862869026,1,2,0.9338166938573089,3.158557646934305,0.0,63
0.9233159947802155,2,3,0.5582207046336722,5.819778532862301,0.15,64
1.9870913439365756,2,3,0.6819038205526231,2.1459721675690004,0.0,65
0.8052599746244453,1,1,0.9468105173809875,2.1553710919494775,0.25,66
0.6907700639972715,4,3,0.674918934862881,2.878142918660713,0.15,67
0.2271713112401842,2,3,0.9727841074427199,5.607579613639448,0.05,68
1.0621101659536338,1,4,0.6597180517298191,5.66191211262226,0.1,69
2.158362726001486,2,2,0.6721077428376909,4.619987852308171,0.15,70
0.9727141397555052,2,2,0.718269316791138,3.7234802498863364,0.15,71
0.26406745944241206,3,3,0.6932337297483866,4.191244503937794,0.25,72
0.6884041258326427,3,4,0.8550327311609115,5.253375481376915,0.1,73
1.429316370742257,2,2,0.9191649574474419,4.362120560108435,0.05,74
2.839310125963027,1,1,0.6064109683949878,4.038246022101659,0.3,75
1.813336250501583,3,3,0.9223630529337752,5.053235726676856,0.1,76
0.3093835503843899,4,4,0.5075668691866833,4.825756049969968,0.2,77
2.468120360773418,3,3,0.7881789351668989,4.508669712177404,0.1,78
0.02284646417170566,2,1,0.5475511922900282,4.841005334742872,0.25,79
2.9457525885129967,3,3,0.9759670117905113,3.5009364798320375,0.1,80
1.5517197176145967,3,4,0.7954225808010028,4.857907908598873,0.1,81
2.3027614941104892,2,2,0.7034934431678095,3.3509530861022805,0.1,82
0.7991855520936096,2,3,0.8088960699782008,2.0492511286456936,0.0,83
1.3187782872463227,1,2,0.6814026961612125,5.009389002650949,0.1,84
0.24234110988219237,2,4,0.7859849107175402,5.2939709848765535,0.05,85
2.0598207818386385,1,3,0.972135588059236,3.406521855842466,0.0,86
0.8870459686733201,4,3,0.5061817355918675,3.1355947552065486,0.2,87
1.3069212432558477,2,2,0.778320037118652,4.261649001006145,0.05,88
1.6915054412163082,1,1,0.5642919008215546,3.285383250307984,0.3,89
0.36310701552221214,1,3,0.5502060408955851,5.190351416314263,0.1,90
1.4625055886389746,3,2,0.6149416279296643,4.159973812876137,0.2,91
0.8015648645113514,4,1,0.8450444840798682,2.653544986743282,0.45,92
2.0960911021601807,2,3,0.6299671193369368,4.306523187483258,0.15,93
2.465756389086483,4,3,0.7530811623663345,3.6663440086896024,0.1,94
2.801461746683198,3,3,0.6152011274570082,4.469663206543316,0.2,95
0.39601410943941984,1,3,0.7792649797778862,4.36817452306079,0.0,96
2.2321110320063924,1,1,0.8017893181977409,3.8680022228734705,0.25,97
1.868281966189984,1,1,0.9819001621124541,4.518086193471314,0.25,98
1.991999160560328,3,4,0.9239809631576376,4.9642886927401655,0.1,99
1.4549307188638037,4,1,0.6055868187393695,2.06909168371517,0.45,100
2.0640735893938014,4,2,0.675642108273182,2.796487399034618,0.1,101
0.5721151027336779,2,3,0.5936088617522916,2.5906202187800753,0.0,102
0.25379844626393055,2,3,0.9134884784154864,4.161221926159321,0.05,103
1.143355900104114,4,3,0.8901792815758607,2.907295984365792,0.1,104
1.7425618232441307,1,1,0.8613691841495017,2.027841092428752,0.25,105
2.3988820994975537,1,2,0.9311842171065543,3.457194714316699,0.0,106
0.8035148796659455,1,4,0.7154632598422432,5.831814748886158,0.1,107
1.201400350823986,3,4,0.9587389022405148,2.187734026560202,0.1,108
1.8185391099709425,3,4,0.8407674714568532,3.291519924868344,0.1,109
2.1376981087645253,1,4,0.5919128746951472,3.038255774495028,0.05,110
1.1273614058370804,3,1,0.5011016138104911,3.2807578324340576,0.45,111
2.27186001589774,2,2,0.6464783285089764,5.221716110029753,0.15,112
1.1953459556926989,1,4,0.8404280881862001,2.0229518810004063,0.0,113
0.06262129124227533,2,4,0.7131669366166768,3.6407449505668685,0.05,114
0.011358362121360432,3,4,0.9939176157796208,5.58886555752236,0.1,115
0.5106284164307212,1,3,0.6525347127796666,3.7007497882364815,0.1,116
1.61475607184185,4,4,0.7082033532956739,3.2535111978609947,0.15,117
0.5611832080839948,2,1,0.8036751759633995,3.963227722561121,0.25,118
2.3897644578221073,3,2,0.986693686021848,4.764305817635816,0.1,119
1.0481264222877371,2,4,0.9902362908511588,4.907770767357904,0.05,120
0.18990174229567713,3,2,0.6880812386350559,4.69978528019119,0.25,121
1.5752639646748623,2,4,0.9843062459160501,2.811724238612576,0.0,122
2.169551466165357,1,2,0.704626771299213,5.023358403549418,0.1,123
1.9544431207513164,3,3,0.937468055918766,3.6826423158790837,0.1,124
1.204491021314341,2,4,0.7658548269250669,5.065597332964089,0.05,125
0.013819738767820056,4,2,0.7614798279090127,3.17340144285264,0.15,126
1.260102143063507,1,3,0.8239829380714531,5.5938979568016025,0.0,127
1.6549697448868024,3,2,0.8527016060373932,4.554105888511524,0.1,128
2.407388239523422,3,3,0.5764376087348249,2.865724328276571,0.1,129
0.43586430345695215,2,1,0.5016414379230292,4.596751904581046,0.25,130
2.7084170541356443,1,1,0.568590398902924,5.606732645426263,0.25,131
0.08442616794378188,3,1,0.570318169899187,3.9578653995277095,0.45,132
0.7582680463687228,4,2,0.540728301565861,2.930059440862342,0.15,133
0.3596715469912989,1,4,0.6499498066808429,5.881801479388216,0.1,134
0.41069218079463454,3,4,0.5673622202416755,3.7226160977371596,0.25,135
0.6114412141527769,1,2,0.7728678558152503,3.5384069012409403,0.05,136
1.8529256980928694,4,3,0.7454940205936526,2.9157694008032222,0.1,137
2.779105426833112,4,3,0.504796876798375,2.1866431684127634,0.1,138
2.194318891690381,1,3,0.5188410658978546,4.731757619459202,0.1,139
0.978832786716712,1,2,0.8763567149765161,5.477029002492329,0.0,140
0.6529093894137729,2,4,0.5481224791682966,2.7228042037317697,0.0,141
0.8009592814178403,1,2,0.5089578715568392,2.9989958555716756,0.0,142
1.3125740607988303,3,1,0.8229139012944939,5.571268278952708,0.5,143
0.5927261542998612,2,2,0.890575229072551,4.528451779768005,0.05,144
0.09399820091517186,4,2,0.8847042816545628,5.946822588708244,0.1,145
2.430031478523998,4,3,0.8381062526733778,2.5494225337900267,0.1,146
1.5227092111190155,1,2,0.6735030657446013,4.131973306779915,0.15,147
2.3117804253022283,3,4,0.7106234830354017,5.239857628889283,0.2,148
2.623196433682579,1,2,0.7433515989935977,4.242233319570595,0.15,149
1.5037000293730531,3,1,0.9096938460402081,3.848871059090975,0.45,150
2.990136118107228,3,4,0.8953980370425723,5.954130929834783,0.1,151
1.0564524595892375,2,2,0.9332744222995646,4.019061064623793,0.05,152
0.6188314529451778,3,2,0.6416835497736061,2.12229496353797,0.15,153
1.238246068259822,4,2,0.7579074561308052,2.393753113791679,0.1,154
0.8637614559226103,3,2,0.9354260772433061,3.2118915242634993,0.15,155
0.6458947074430494,4,1,0.8702342386026005,5.3620051438409355,0.5,156
2.199738518689957,3,3,0.9363703968211546,3.785897639705784,0.1,157
0.14941640278003476,4,2,0.6569016059022825,5.744060093860746,0.15,158
2.7892591412362813,4,1,0.9699898478404145,4.1711256172821605,0.5,159
1.5795858875993585,2,3,0.938578907278388,4.26224479449637,0.05,160
1.9710438200324871,2,2,0.7053107311623747,4.885333310919571,0.15,161
1.0225161389861297,1,4,0.5707267326638135,2.4642194415247056,0.0,162
0.4391694600519491,1,4,0.7220088423527872,3.088569612731505,0.05,163
1.236611788723748,2,4,0.7740763034410425,4.46819280316287,0.05,164
1.7496461072845713,4,3,0.5681767471438732,5.8861268499488535,0.15,165
2.5535010763472057,2,2,0.518091290168725,4.048230045251302,0.15,166
2.786226404209458,1,3,0.7385879761104285,3.534698543234415,0.05,167
2.3112467107427532,3,4,0.8389906143389273,5.820167115075495,0.1,168
1.0934007797948875,3,2,0.827888140163014,5.396784448451951,0.1,169
1.2773580322626812,2,1,0.7967146022414442,3.052162393971599,0.2,170
1.0730805661669054,2,3,0.9566954145090976,5.597865879079919,0.05,171
2.7551561422280675,2,4,0.566171472685206,4.418881433938072,0.15,172
1.3832330314607026,3,3,0.7653828987105472,5.779414953780588,0.1,173
2.3186312463735184,4,2,0.7216506187844661,3.940259491952063,0.2,174
1.4577130526542539,3,2,0.6765994429307487,3.2972173973766443,0.15,175
0.844930557185212,3,4,0.51819693728265,4.806376170132977,0.2,176
1.7466190455927204,3,1,0.7545661497815475,5.817494766504265,0.5,177
2.268271188618905,4,4,0.7128984652658225,3.98135890180952,0.2,178
2.4653080711986877,3,1,0.8912408602813575,2.91015069149057,0.45,179
1.8446812213822799,4,4,0.9220534044042146,5.7782724713111895,0.1,180
2.0229034315906387,1,3,0.7235812732460347,4.404703312750584,0.1,181
1.3363582696063143,2,4,0.6927298254787303,4.463828950156842,0.15,182
0.4798588401949605,3,3,0.7187113064971945,4.280651881817022,0.25,183
1.924389130892067,1,2,0.6554861716085468,2.485189860059306,0.0,184
1.450253098707052,4,4,0.938284620357662,4.368909658946746,0.1,185
2.7032749376023704,1,4,0.862485017384349,2.110475607857484,0.0,186
2.440621321290787,1,4,0.9860539628533036,5.607469813409435,0.0,187
1.702546286105245,4,3,0.8904717618866618,4.780688533208757,0.1,188
1.4714663875216698,1,3,0.7085165713703796,3.760140556904737,0.1,189
1.4485990280705867,4,2,0.9774072803769427,3.951581694678277,0.1,190
2.1338226286320725,2,4,0.6697460659753838,2.9490311960044586,0.0,191
1.2770142879524704,1,4,0.7953434552549037,4.434151241439772,0.0,192
0.12515393462200508,2,4,0.7940635593015962,4.362663640701671,0.05,193
0.7038705755418128,1,4,0.7284752639199019,4.4225746049589345,0.1,194
2.167686607738724,3,4,0.7968520254296039,4.8082526578956415,0.1,195
0.7716948521505512,3,2,0.8138269539150527,2.5912576605953257,0.15,196
0.8192907725777597,1,3,0.7790539208215599,5.049816525437535,0.0,197
2.3277542044107373,1,2,0.5623251689679305,2.3270233579354427,0.0,198
0.8427305403351443,1,4,0.99701137269593,3.655838839138796,0.0,199
1.7014437159662523,1,2,0.5355414005624501,5.599620945973619,0.1,200
1.1220423258503636,3,2,0.5249738353874043,2.8938705352165512,0.1,201
1.9130956015657388,2,3,0.5758482292606124,3.965710115247131,0.15,202
2.2758206486393107,4,3,0.7479298006759365,2.623135426976044,0.1,203
1.2105708058009559,4,4,0.831033441471605,2.862826952982636,0.1,204
2.4828861009818026,2,1,0.7922908595079268,2.975755108776899,0.2,205
2.2985592128058867,1,1,0.9445619316555506,2.8890075512062414,0.25,206
2.0311120805613934,3,2,0.7447708864462864,4.514653231046061,0.2,207
1.2472351699703177,4,4,0.5623979359262088,2.347456179114934,0.1,208
2.1479548180016836,3,4,0.9392777659604006,4.905747411365432,0.1,209
0.11017479415231746,3,1,0.9569474230708686,3.430605895354456,0.45,210
1.498398963320028,2,2,0.8415878258422735,5.399363898946257,0.05,211
1.459445005384844,2,3,0.7976349580651623,3.214745432457606,0.0,212
0.6603320591098537,4,3,0.6882583113375794,2.4032600553351977,0.15,213
1.4966630508635674,1,4,0.597489952519332,5.4583315235635546,0.1,214
1.0195973464133252,3,4,0.9121484083761724,3.3765748137052443,0.1,215
0.6841571244120755,1,2,0.6193624995597253,2.0957823599447805,0.0,216
1.1116407426736676,2,3,0.774530416416267,5.258946158239538,0.05,217
0.5626495149731197,3,2,0.8423229835127528,4.340688558112747,0.15,218
2.0138502847039246,3,1,0.5350856227670622,4.8306966184136115,0.5,219
2.6954342751762055,4,4,0.7414370221944779,4.237435282493895,0.2,220
0.573129438204826,1,3,0.6357079076304939,2.6418661482871317,0.0,221
1.97434202626365,4,1,0.835340106519397,3.1779694540200283,0.45,222
0.8776585094941592,4,3,0.7762331069121908,2.762218716869334,0.15,223
1.237279948139657,1,1,0.7765205120201121,5.897849341510538,0.25,224
2.063742222490932,2,2,0.8627582017353197,4.076046774990047,0.05,225
1.1350468299027234,3,3,0.8912594599799942,2.2079202705749847,0.1,226
1.1650819523592806,3,2,0.7865342114575765,2.17879576149463,0.1,227
2.4330527357582254,3,2,0.9560051298435752,2.011852981510224,0.1,228
0.1038842578223671,4,3,0.9605543267208864,3.7040042799541197,0.15,229
1.1027032844561138,2,2,0.9235627210593507,2.5844856949922046,0.05,230
1.3584824829701652,1,3,0.6125010099487151,5.8340314938624545,0.1,231
1.3749021981969998,1,2,0.6067007276989975,2.6423672761362,0.0,232
1.3917339590137843,3,1,0.8534657632470946,2.012548481710811,0.45,233
1.5428962223991016,1,1,0.8619053848934639,3.778442573759812,0.25,234
0.28630533406476566,4,1,0.7739187420114247,4.026102669427992,0.5,235
2.8900137259416603,1,3,0.9988320643772177,3.601588908099032,0.0,236
0.74917759671906,1,1,0.7377615901528971,5.2852350004816415,0.25,237
1.1857131402876386,4,4,0.9188703465697501,5.058054664755492,0.1,238
2.2417811374663863,3,4,0.6014253396943847,4.914227246610936,0.15,239
2.6651228791206623,4,4,0.9691109330733564,3.6554883653277863,0.1,240
1.4289305614580199,4,1,0.9856416744513,5.716876836553263,0.5,241
2.1974834466564284,4,1,0.5948710996509066,2.6008885655216316,0.45,242
1.662070269670875,2,1,0.5854555828773516,4.366808166805434,0.3,243
2.8306282374241443,3,3,0.7673065933681846,3.685185277388393,0.1,244
2.9176644891807717,1,1,0.5347559135419147,5.380188127311346,0.25,245
2.390529469489474,4,4,0.7939821688895149,4.5437000972917065,0.1,246
0.2740320452619368,3,4,0.9123566748395482,4.101119028745167,0.15,247
2.174338087185174,1,2,0.9607627065765241,5.113357099773973,0.0,248
0.3936073385064315,2,2,0.748057962280372,4.687007437808072,0.15,249
0.16968151731994352,2,4,0.6449650087615055,3.470838187546122,0.05,250
1.8267058502552551,1,1,0.9274422220979266,2.3242084720582095,0.25,251
0.622067309540956,4,3,0.5475017907692212,2.0245542567185764,0.15,252
1.6867231664254714,4,4,0.8038778470999142,2.383358711396011,0.1,253
0.04788327888334709,4,1,0.7628934742048704,2.3993915397220884,0.45,254
2.818980841212798,3,2,0.9432538827446137,4.442606900543257,0.1,255
0.9143452866795666,3,1,0.9494541431489864,2.482612073330858,0.45,256
0.5347177299220339,2,3,0.8352589103373153,2.4642757449296493,0.0,257
2.516437710896857,1,2,0.5676640756388097,3.25316584763082,0.05,258
2.625062550519394,1,4,0.9289977548405802,3.379408810413756,0.0,259
1.575899806455125,1,4,0.9083453159538191,4.7055887111793595,0.0,260
1.6001251975721458,1,3,0.6677686351104903,3.9577890869538357,0.1,261
1.902966766417698,1,2,0.768653380097361,2.97649146898925,0.0,262
0.6249273182216443,4,2,0.9355448622690028,4.0715504842104275,0.15,263
0.3636901174262529,2,3,0.8461038755199088,3.51767728006348,0.0,264
2.5676794957589184,2,4,0.529600663893868,2.298731823297562,0.0,265
0.19156244645134646,3,4,0.9705157153534651,3.833095377287761,0.15,266
2.6343703084788346,1,4,0.5907655949010997,2.339546539884049,0.0,267
0.16534673053885496,4,1,0.5022759962206285,2.1977036779927084,0.45,268
1.0881197855869156,1,4,0.8911899140750872,5.839209064955508,0.0,269
1.4491962860034993,4,1,0.6155425242481115,5.246325218326633,0.5,270
2.1167309779486745,1,2,0.5003719637110435,4.034128214596039,0.15,271
1.8552393712467388,1,3,0.8951780587424703,2.408337486231189,0.0,272
2.0928628462413017,3,1,0.734288136563525,2.493748642613487,0.45,273
2.100904969077499,2,2,0.6831364546069343,4.548549884714818,0.15,274
2.978572244283104,4,4,0.7392005163922135,2.4558102857581026,0.1,275
2.7045502196972264,3,1,0.7680652821876683,2.354361611181754,0.45,276
0.3631107327386591,1,4,0.677163560860782,3.1035793160026897,0.05,277
1.0359132004940994,1,3,0.8259174621271543,5.389526974982113,0.0,278
0.28850109299885196,4,2,0.996073614520564,2.828977647584847,0.15,279
2.8569538724841603,3,4,0.8035176813297862,3.4815406210250717,0.1,280
2.114377612242463,1,1,0.9873037516201171,2.9781868734591854,0.25,281
2.127273325064526,2,4,0.821540652372039,3.970956181171238,0.05,282
1.114297176912624,4,2,0.809416972960624,5.346746541305354,0.1,283
1.2674132697731042,2,3,0.964303825525552,4.8169788604784385,0.05,284
0.5934068157542066,4,4,0.7143609444101124,3.056093769802994,0.2,285
2.4738877377671,1,2,0.7583313407853008,3.4248190474521683,0.0,286
2.624696317143263,1,3,0.8312984660297561,3.1461094652784114,0.0,287
0.16059542318970754,2,2,0.9264583249911978,2.8833262896504404,0.05,288
2.90881554122865,2,2,0.6229580636530604,2.4835423685570954,0.05,289
1.3806351579511555,2,1,0.9428960098333015,3.0078839145118614,0.2,290
0.3710805840080935,3,4,0.7143027946077039,2.663347586280849,0.15,291
0.9259249372970776,4,4,0.6707417004311482,3.7857715980835045,0.25,292
2.5456157983780567,2,1,0.5133433410326991,4.720548648626906,0.25,293
0.6080732040232218,4,3,0.842933699665118,3.572666678943522,0.15,294
2.0779533375850985,2,2,0.5292768533011315,2.9484145713561514,0.05,295
0.15947730993428144,2,3,0.5083903312323375,5.918014695661261,0.15,296
2.805862840713575,2,4,0.6649733282007897,3.4182219109658254,0.05,297
0.12080341051767896,4,2,0.7347770241961021,5.75652265013845,0.2,298
1.7512064147981603,3,1,0.7835602683470326,5.10127817943161,0.5,299
1.9478532555993668,2,3,0.5079487812146414,3.8671259257367234,0.15,300
0.5254804846498219,2,2,0.7198772830676154,3.0229848760318876,0.1,301
1.0147717625409318,3,2,0.8091172933221018,2.1199995404308947,0.1,302
2.3113711007807036,1,2,0.8106708021931792,5.039119273499649,0.0,303
1.553292179549004,2,1,0.9074382946818167,2.3851973123975605,0.2,304
2.5039813688602592,4,1,0.8801875205521557,4.614614317996561,0.5,305
1.6170455277658937,3,4,0.9246343838749231,2.5801850220349825,0.1,306
2.2955002416010046,2,3,0.6790383904924554,5.438728353105148,0.15,307
2.0888886252725314,3,1,0.9072974601998488,3.55047804131805,0.45,308
0.9754188192779432,4,3,0.6806729892045353,5.530935692715396,0.2,309
1.7505408927347297,2,3,0.5598898537193886,5.472386033414376,0.15,310
1.6457450763218084,1,4,0.697418823639222,4.998312040815868,0.1,311
0.14222314774172673,3,2,0.9027164544933444,5.133431553492176,0.15,312
2.220918536524102,1,2,0.8840661048977226,4.4083205881213665,0.05,313
0.09599757758998917,3,1,0.6338590175117448,4.016178215458732,0.5,314
2.387419271471578,4,1,0.5158094600543348,2.055069862944113,0.45,315
0.5651611328073654,1,3,0.6076545864807474,5.72787684783915,0.1,316
2.2973044499915725,1,3,0.9954434352364917,4.367619658337051,0.0,317
0.7892967553551892,3,3,0.5102662307208499,4.331511586054704,0.25,318
1.8836718653877471,2,3,0.7090314517554889,2.7804515577293345,0.0,319
1.4149131198756786,1,1,0.9074240800684217,5.835259421446036,0.25,320
1.690806308815874,3,4,0.5734106281338085,4.369332547817431,0.2,321
1.3028278541669125,2,4,0.9751882405636183,3.6449713419714365,0.0,322
0.7484305355456372,1,1,0.889546400491962,4.15748742677769,0.25,323
0.3403834493385538,4,3,0.9752886119307351,2.502719752479097,0.15,324
1.9252466816770668,4,2,0.7096811157633184,3.3412066380589898,0.15,325
1.9317272770786789,2,2,0.9078417329450712,4.5449734083100575,0.05,326
1.1435298940328673,1,2,0.5993355095740724,5.418654612031019,0.1,327
1.6934783116482681,2,2,0.588171132795824,5.694628446765856,0.15,328
0.5797244737169551,4,2,0.5036829815804853,5.775862178120395,0.15,329
0.9073746868932683,4,2,0.6103482335354585,4.9531008620242964,0.2,330
0.2456857266002228,4,4,0.7372711204661231,2.6658988378543844,0.15,331
2.5928381641522895,4,3,0.7850400123094712,2.2672577663956544,0.1,332
1.9912701902749368,2,2,0.7387927680276305,3.877525228708821,0.15,333
0.08592380214046946,4,4,0.6471512950736085,5.741154411202222,0.15,334
1.4456496365408669,1,1,0.5046990531856537,4.926402665936722,0.25,335
0.527648798106255,3,3,0.9112217322435492,3.4322097313416,0.15,336
2.1883849685574592,4,2,0.5645697752347196,2.4482964975633195,0.1,337
0.20664585583139528,2,3,0.9275226090452335,4.706716036216539,0.05,338
0.22369673954346725,1,4,0.8562875612863041,3.214430128349022,0.0,339
2.4182166798375704,3,4,0.8989077220998517,3.6671502105423586,0.1,340
2.6018822206169596,2,3,0.9777897264853976,5.188930942644886,0.05,341
1.377590045144935,1,2,0.6326645920859992,2.9574116768587713,0.0,342
0.6348603803353506,2,2,0.9526358554566571,2.335190992279227,0.05,343
2.2939660425670967,4,1,0.9126140889940175,3.6647532437640176,0.45,344
0.4047239490292125,3,4,0.6930215852699957,5.110400315052342,0.25,345
2.180294627084811,4,4,0.5500729026437345,3.2126779439950948,0.15,346
1.0077635890748906,3,4,0.6868694430732971,2.5334556212612354,0.1,347
0.46238983030960024,3,4,0.8620034918890342,5.766299092604207,0.1,348
2.6300445832845964,2,4,0.6808149834885304,3.657820361161852,0.05,349
1.206360914204505,2,2,0.6873706781279683,4.236390035967725,0.15,350
1.0422171441987598,4,1,0.6289083239484137,2.41048106467099,0.45,351
0.4219879151827619,2,2,0.8346031824324054,2.337918158033099,0.05,352
0.6851003499359524,2,2,0.5591164536321647,5.860763459012826,0.15,353
0.2025310053527486,2,1,0.7397638554901627,3.9934012849684404,0.25,354
0.6127619320704968,2,4,0.5935137179543996,4.846253961521263,0.15,355
2.70836469029884,1,4,0.8490591878338917,3.081016707482449,0.0,356
1.7812360570401222,4,4,0.6812219806161374,4.863326436998923,0.2,357
2.23259704478488,1,1,0.5999579525972214,2.996029216051161,0.3,358
0.9608563328014197,3,1,0.7225916835249954,5.175705147134653,0.5,359
2.245919416229166,4,4,0.9266503393862227,2.2227306154741973,0.1,360
0.81954758667857,2,2,0.6706454715602201,2.2469731886252755,0.05,361
0.732719999530769,2,3,0.6752552093487381,3.277916356705382,0.05,362
2.1411446252232333,1,1,0.609683826702712,4.271031654679759,0.3,363
0.9917410623961473,2,1,0.9784731556396793,4.820597381646927,0.25,364
0.7764891053218421,2,1,0.8292348673665005,4.119406446779138,0.25,365
0.741092326505258,1,3,0.5154618127605541,3.078776742110354,0.05,366
1.7013597247569285,4,1,0.9419788126301216,2.4361131544611485,0.45,367
2.1244098780744025,1,2,0.6718704542157363,3.0582516511686615,0.05,368
1.4846577701478405,4,3,0.6321847743620779,2.0964189227747276,0.1,369
2.9941265611677013,3,2,0.7585432964599024,4.1095330369676955,0.1,370
1.3852796988561393,4,3,0.6151248228018062,5.002809541605879,0.15,371
0.21314798587527517,1,1,0.9520585957184341,4.600027266397447,0.25,372
2.0425702044197767,1,4,0.7324028351233864,2.673307751575233,0.0,373
2.0436689173830693,1,1,0.6151742111791527,5.764114002522811,0.25,374
2.3670380037532004,1,3,0.7478109500240007,5.281198623237861,0.1,375
0.21427250362233563,1,3,0.6735123800845032,5.103075571461609,0.1,376
0.5154808532292636,3,3,0.6623066484298965,4.796675305627312,0.2,377
2.6462625770002446,2,3,0.6056502399323525,3.0296715224321544,0.05,378
1.8972533994267167,3,2,0.860061109990135,5.5521358419458,0.1,379
0.455202241509276,2,4,0.8541593237912113,4.605630686218426,0.05,380
1.766425422962406,2,3,0.5203897938126628,3.539351762765046,0.05,381
0.39274560394868774,1,3,0.6167687503537949,5.871248996847641,0.1,382
1.0784822663230968,3,4,0.7592966578068031,2.7794351937536987,0.1,383
1.5422398479421087,4,2,0.7658529839535235,3.8410380057175337,0.1,384
0.21125973914628882,4,2,0.5271148836822288,4.943435028344258,0.2,385
2.3089727180724555,2,1,0.8182415275337879,3.2072001445305025,0.2,386
1.4573677189350003,2,4,0.5714209446513634,3.049068186495528,0.05,387
2.5929496644930152,2,1,0.8519382616262372,5.412374713065024,0.25,388
0.1573277532894466,4,4,0.6303022407183504,5.781794556503975,0.15,389
1.6393106523962255,3,1,0.7627463102342089,3.0015984986426107,0.45,390
0.970862481883681,4,2,0.5437296173054507,4.682905409251942,0.2,391
2.357934286937566,2,1,0.6004440457874554,2.4721450378737084,0.2,392
1.3831250482448016,4,1,0.7067817994776172,4.833162862605129,0.5,393
0.46954275488114705,1,3,0.7237018026288855,3.8560111933435164,0.1,394
1.8179029283476034,4,2,0.5620334477262775,3.401977630526263,0.15,395
0.6157366895667299,2,4,0.5887159817250238,2.719164580619403,0.0,396
2.1275271668183136,2,4,0.9266290774133639,3.342995450868122,0.0,397
0.7086936664953332,3,4,0.731793543194925,3.2636997537125736,0.2,398
0.6046001561356614,3,3,0.8452323721621142,3.466583355212075,0.15,399
1.966174957316328,3,4,0.5861031728702881,3.9499107728791896,0.2,400
0.08001083076701143,3,1,0.7909970135301327,5.916043215536056,0.5,401
1.4296534811406154,4,2,0.5212497348295929,3.3515512176031157,0.15,402
1.6509459223711578,4,1,0.6043141036653135,5.439105138102933,0.5,403
0.2651292967422286,4,2,0.6999994106063296,2.1876700070944515,0.15,404
0.20249108011619144,3,2,0.7824024415811834,4.096800356576541,0.15,405
0.8390509003770288,3,4,0.8204833858510225,2.3966459436458734,0.15,406
2.2436020728431236,4,2,0.8690012587678403,3.0242480290022544,0.1,407
0.03145278913021732,3,4,0.7872631311424109,2.220417563579328,0.15,408
1.3057959154706382,4,4,0.8427643521813826,5.59261613720335,0.1,409
2.053256807705997,2,4,0.9959225456492384,3.1212685794872264,0.0,410
2.413030966966424,1,1,0.5546650576963732,5.346483331617309,0.25,411
1.5994090927327482,4,1,0.8301814607260998,2.7519865523989466,0.45,412
0.5148306888254341,3,4,0.6250273671461417,4.950897667721387,0.2,413
1.6921985096812793,3,2,0.844692460370573,5.985502407152146,0.1,414
0.8018595183558112,2,4,0.7198543543343119,5.083825767207317,0.15,415
2.1392762741243927,1,3,0.6942338726996288,3.7882417698601465,0.1,416
1.8589121332851635,2,4,0.7714247082537165,3.7089857920624896,0.05,417
0.3952577757761947,4,4,0.9092216348593574,2.0083563425681668,0.15,418
2.4020075034969888,4,4,0.8081731609362008,3.728933883715831,0.1,419
0.38155859801279635,3,3,0.7069477421821001,4.126038781861878,0.25,420
0.4313998277461416,4,1,0.8932150853941343,5.8157382862490925,0.5,421
1.1930034318870653,3,4,0.5416637249920121,5.466794604165898,0.15,422
1.6343158218857479,2,3,0.7548396365337751,4.020453045534005,0.05,423
0.31279253556622644,2,2,0.5274552638504066,2.1536958227614202,0.05,424
2.5229267407220046,1,4,0.6766314160069986,3.65638647723684,0.05,425
2.522610530892584,3,3,0.5450917534656752,2.039598357450985,0.1,426
0.35705192421853316,4,1,0.8116088896646023,2.7951824504245746,0.45,427
2.237616732174657,1,2,0.6366369342833744,4.860372622177801,0.1,428
2.711785289963273,1,3,0.8313869106939842,2.9015009724294174,0.0,429
1.9373135700882544,3,3,0.614229169437543,3.8912294391709246,0.2,430
1.7728775099998637,2,2,0.960799704444678,4.038057564277283,0.05,431
1.7004432281616326,2,4,0.9567328616721945,3.9798414673611595,0.05,432
0.7499270734659738,3,3,0.679789520557925,4.4115914301501356,0.25,433
0.2854322602899956,2,2,0.9120287088736782,5.077981892139391,0.05,434
1.478548145877911,3,4,0.5425779174116707,2.1053380712378957,0.1,435
1.655245287528026,3,1,0.5203935098865944,5.398609578747696,0.5,436
2.6952719584412677,4,1,0.5324145594735696,5.343108120566631,0.5,437
2.608807238160553,1,2,0.9107308375014194,5.218829949598165,0.0,438
0.1482458877173699,3,3,0.8590699878974254,3.3979237802223357,0.15,439
0.09499026497348462,4,4,0.7027108731232854,2.0315626000488436,0.15,440
0.26345580367206023,1,4,0.7207823133425348,2.663257412277738,0.0,441
0.7566883378457826,1,3,0.9335140494866362,5.294611676827339,0.0,442
1.9462973162472081,2,2,0.587741915375936,3.3470104108181333,0.1,443
2.367144271825199,3,1,0.5803671884303484,5.039896083569961,0.5,444
2.539090733424638,3,4,0.8390784448394459,5.732986379417611,0.1,445
0.36596978838286365,2,2,0.7505874429106635,5.865045146174155,0.05,446
2.771385233664385,4,1,0.6237888974491685,5.953752610390627,0.5,447
0.9470914648438208,3,2,0.890570356499232,2.3162118496046014,0.15,448
2.5043839788735416,1,4,0.5748793961892412,3.8704380039124278,0.1,449
1.0197414993560119,2,3,0.7110944053635075,5.464924531486606,0.15,450
0.6184596267195633,2,1,0.9335052457624922,4.161209924535774,0.25,451
2.74077431953512,3,3,0.8347760678125898,3.5000384014711488,0.1,452
2.9608421352596794,2,4,0.8316032639607519,4.083010885046537,0.05,453
2.8149169145892516,4,3,0.6606768559602741,3.32698040877717,0.15,454
0.45086527050048975,4,1,0.8893533091636486,5.156557256138839,0.5,455
1.2908108697773275,4,2,0.8020094531904569,2.4277699718322996,0.1,456
2.3890830105678145,3,4,0.6070790171591156,4.182511778422116,0.2,457
1.7297014631513927,1,3,0.9053832781677356,3.882986883358081,0.0,458
2.963295486540141,2,2,0.9115033573333942,5.070320489235919,0.05,459
2.6029078972324475,4,2,0.8430609660983375,2.037427053108677,0.1,460
1.2879872667050476,4,2,0.5923763331614738,2.261315162896317,0.1,461
0.9811615129304578,1,3,0.5491407517573265,2.6819806420068932,0.0,462
1.8203674724649426,3,2,0.7903612568045468,3.0124393304363597,0.1,463
1.940024757586564,3,3,0.5013007987522318,2.2159255009728733,0.1,464
2.8186746598509176,1,1,0.6857577892958018,4.8850902342347124,0.25,465
2.897220388864591,4,4,0.5829034862158144,3.2255649151338193,0.15,466
0.8658263231603011,3,2,0.535566461043073,2.6076685538283018,0.15,467
2.2899021885374062,4,2,0.7320058256040142,4.715718432345636,0.2,468
1.6488635822388873,4,3,0.6994502826203997,3.981469196876085,0.2,469
2.3354670679592573,3,4,0.8451935590602275,5.650175453509471,0.1,470
2.841745759046164,4,3,0.6332162149157275,3.2669351772150836,0.15,471
1.0383498403086002,4,3,0.5222132574907891,2.379870121211905,0.1,472
2.6899192064859863,4,3,0.8124489101814675,3.887941011057131,0.1,473
2.0203961180924708,3,1,0.9941215792807625,5.957415197390109,0.5,474
1.3835016179728101,3,2,0.6520142170011234,5.527361610593232,0.15,475
0.9078995171766543,3,3,0.7947726170661717,4.831513897105282,0.15,476
0.06456955913502616,4,2,0.7539356949474896,4.898787776509577,0.15,477
2.934126513499632,2,3,0.8050661984938396,2.622541942016605,0.0,478
2.6941095300082507,2,1,0.7134604720188447,3.2700177873586593,0.2,479
0.5944499360627037,1,3,0.8914444345025594,3.11156984124769,0.0,480
1.7936259013964482,3,3,0.9171364564539656,2.36654859062734,0.1,481
2.4293717320066595,3,1,0.898387626952342,4.795830516031833,0.5,482
2.124707056463432,4,2,0.5363947173922288,3.6360244508711506,0.15,483
2.2057644919808244,3,1,0.7699239611102091,5.105146839201829,0.5,484
2.400586218098244,4,1,0.8579394525303286,4.8928831325191755,0.5,485
2.6157594979921885,2,2,0.6503288149094955,5.515788362719462,0.15,486
2.82746668528927,3,4,0.8957183920452481,2.6022711710500466,0.1,487
0.02791098922094748,3,4,0.9598561152602862,3.9350867322695,0.15,488
1.0148431663593118,1,2,0.8347119032494431,4.80850033252675,0.0,489
1.6214853712148485,4,4,0.6819768003282871,3.2515947216462218,0.15,490
1.022273012765431,1,2,0.9551090155144697,4.54025222459103,0.05,491
0.8027788141099182,1,3,0.6197240186450632,5.059644263348584,0.1,492
2.284289036391245,4,1,0.5026932679718328,5.330527727004172,0.5,493
2.6568976275300793,3,2,0.7658906843096225,3.3371435372747484,0.1,494
0.10379179291414631,3,3,0.9725332772219544,2.318338889963844,0.15,495
1.2412307232392712,3,2,0.9083386448764408,5.464190806347156,0.1,496
0.028560224139087875,2,1,0.848076111308839,4.879006881970378,0.25,497
1.8568412273618269,4,1,0.874555700121353,3.3739383508364,0.45,498
0.017374052903149972,2,1,0.5473264208480164,2.5046242575129862,0.25,499
